feature_id,channel,actor,module,대메뉴,중메뉴,소메뉴,상세,기능 상세설명,상태키(state_keys),유효성 검사,핵심 계산 로직,데이터 항목,연관 기능(feature_ids),spec_id,owner,last_updated,change_note,notion_url,github_issue_url,github_pr_url,정책키(policy_keys),데이터 엔티티(data_entities),권한 기반 조회 범위,배경,입력(inputs),출력(outputs),요약
USR-WRK-1,웹,사용자,업무관리,업무관리,최상단 영역,구성원 및 일자 선택,날짜/대상 지정,특정 구성원을 선택하거나 조회하고자 하는 일자(기본값: 당일)를 캘린더 피커를 통해 변경함.,,미래 날짜 선택 제한 여부 확인 필요,-,,,,,,,,,,,,,,,,특정 구성원을 선택하거나 조회하고자 하는 일자(기본값: 당일)를 캘린더 피커를 통해 변경함.
USR-WRK-2,웹,사용자,업무관리,업무관리,사이드 영역,기본 정보,사용자 프로필 카드,"프로필 이미지, 현재 상태(연차 등 배지), 성명, 소속 부서 정보를 노출함. 근무 형태, 법정 근로 시간(8시간), 잔여 연차 정보를 함께 표시함.","연차, 근무중 등 상태 배지.",-,연차 정보: 총 연차(13.5) - 사용 연차(0).,,,,,,,,,,,,,,,,"프로필 이미지, 현재 상태(연차 등 배지), 성명, 소속 부서 정보를 노출함. 근무 형태, 법정 근로 시간(8시간), 잔여 연차 정보를 함께 표시함."
USR-WRK-3,웹,사용자,업무관리,업무관리,사이드 영역,근태 관리,출퇴근 시간 기록,"당일의 실제 출근 시간과 퇴근 시간을 표시하며, '이동기록 확인 >' 클릭 시 세부 위치 기록 팝업을 호출함.",,미출근 시 '-'로 표기.,-,,,,,,,,,,,,,,,,"당일의 실제 출근 시간과 퇴근 시간을 표시하며, '이동기록 확인 >' 클릭 시 세부 위치 기록 팝업을 호출함."
USR-WRK-4,웹,사용자,업무관리,업무관리,사이드 영역,일일 근로 시간,시간 통계 그래프,"오늘 근로 시간을 바 차트로 시각화함. 기본 근로, 연장, 야간, 휴일근무 시간을 개별적으로 집계하여 나열함.",,-,총 근로시간 = 기본 + 연장 + 야간 + 휴일,,,,,,,,,,,,,,,,"오늘 근로 시간을 바 차트로 시각화함. 기본 근로, 연장, 야간, 휴일근무 시간을 개별적으로 집계하여 나열함."
USR-WRK-5,웹,사용자,업무관리,업무관리,바디 영역,PC 사용 시간 현황,런처 감지 타임라인,09:00~18:00 사이의 실제 PC 사용 기록을 시계열 차트로 노출함. 런처 프로그램에서 수집된 활동 데이터를 기반으로 렌더링함.,,-,시간대별 PC 활성화 비중 계산.,,,,,,,,,,,,,,,,09:00~18:00 사이의 실제 PC 사용 기록을 시계열 차트로 노출함. 런처 프로그램에서 수집된 활동 데이터를 기반으로 렌더링함.
USR-WRK-6,웹,사용자,업무관리,업무관리,바디 영역,업무 등록 관리,업무 내역 테이블,"사용자가 직접 업무 형태, 프로젝트명, 상세 내용, 작업 시간을 입력함. '+ 추가' 버튼으로 행을 늘리거나 휴지통 아이콘으로 삭제 가능함.","업무, 회의, 외근 등 선택.",작업 시간 입력 시 0시간 0분 이상 필수,하단 합계: 입력된 각 행의 작업 시간 총합.,,,,,,,,,,,,,,,,"사용자가 직접 업무 형태, 프로젝트명, 상세 내용, 작업 시간을 입력함. '+ 추가' 버튼으로 행을 늘리거나 휴지통 아이콘으로 삭제 가능함."
USR-WRK-7,웹,사용자,업무관리,업무관리,바디 영역,업무 메모,자유 메모장,당일 업무와 관련된 특이사항을 자유롭게 기록하고 저장함.,,"최대 3,000자 제한.",-,,,,,,,,,,,,,,,,당일 업무와 관련된 특이사항을 자유롭게 기록하고 저장함.
USR-DSH-1,웹,사용자,대시보드,대시보드,-,-,-,-,,-,-,,,,,,,,,,,,,,,,-
USR-DSH-2,웹,사용자,대시보드,대시보드,-,-,-,-,,-,-,,,,,,,,,,,,,,,,-
USR-APR-1,웹,사용자,전자결재,전자결재,기안서 작성,기안서,-,-,,-,-,,,,,,,,,,,,,,,,-
USR-APR-2,웹,사용자,전자결재,전자결재,기안서 작성,근태변경신청서,-,-,,-,-,,,,,,,,,,,,,,,,-
USR-APR-3,웹,사용자,전자결재,전자결재,기안서 작성,휴가신청서,-,-,,-,-,,,,,,,,,,,,,,,,-
USR-APR-4,웹,사용자,전자결재,전자결재,기안서 작성,출장신청서,신청 기본 정보,"제목(필수), 신청일(기간), 신청 시간 및 근무지 구분을 설정함. 신청일은 최대 7일까지 선택 가능하며 '당일' 체크 시 시작/종료일이 동일하게 설정됨.",,제목 미입력 시 상신 불가,-,,,,,,,,,,,,,,,,"제목(필수), 신청일(기간), 신청 시간 및 근무지 구분을 설정함. 신청일은 최대 7일까지 선택 가능하며 '당일' 체크 시 시작/종료일이 동일하게 설정됨."
USR-APR-5,웹,사용자,전자결재,전자결재,기안서 작성,출장신청서,신청 시간 및 근무지,"시작/종료 시간과 '근무지 구분(선택)'을 입력함. '+ 추가' 버튼으로 여러 시간대 및 근무지를 등록할 수 있으며, '종일일정' 체크 시 시간 선택이 비활성화됨.",,근무지 구분 미선택 시 경고 노출.,-,,,,,,,,,,,,,,,,"시작/종료 시간과 '근무지 구분(선택)'을 입력함. '+ 추가' 버튼으로 여러 시간대 및 근무지를 등록할 수 있으며, '종일일정' 체크 시 시간 선택이 비활성화됨."
USR-APR-6,웹,사용자,전자결재,전자결재,기안서 작성,출장신청서,신청 시간 개별 설정,"개별 설정' 토글 활성화 시, 상단에서 선택한 신청 기간의 모든 날짜가 리스트 형태로 나열됨. 각 날짜별로 독립적인 시작/종료 시간 및 근무지 구분을 설정할 수 있음.

(상단의 '신청일' 범위가 변경될 때마다 하단의 개별 일정 리스트가 실시간으로 재생성)",개별 설정 토글 (ON/OFF),일자별 최소 1개 이상의 시간/근무지 정보 입력 필수.,"동적 리스트 생성: '신청일' 범위에 따라 날짜별 카드 섹션 자동 생성.

전체 반영: 특정 날짜의 설정을 선택하여 리스트 내 모든 날짜에 일괄 복사.",,,,,,,,,,,,,,,,"개별 설정' 토글 활성화 시, 상단에서 선택한 신청 기간의 모든 날짜가 리스트 형태로 나열됨. 각 날짜별로 독립적인 시작/종료 시간 및 근무지 구분을 설정할 수 있음.

(상단의 '신청일' 범위가 변경될 때마다 하단..."
USR-APR-7,웹,사용자,전자결재,전자결재,기안서 작성,출장신청서,개별 일정 컨트롤,"전체 반영' 버튼 클릭 시 특정 일자의 데이터를 전체 일자로 확산하며, '초기화' 클릭 시 입력된 모든 개별 데이터를 삭제함. 날짜별 카드 우측의 '+ 추가' 버튼으로 하루 내 여러 시간대 등록 가능",,-,데이터 초기화: 전체 배열(Array)을 빈 값으로 리셋,,,,,,,,,,,,,,,,"전체 반영' 버튼 클릭 시 특정 일자의 데이터를 전체 일자로 확산하며, '초기화' 클릭 시 입력된 모든 개별 데이터를 삭제함. 날짜별 카드 우측의 '+ 추가' 버튼으로 하루 내 여러 시간대 등록 가능"
USR-APR-8,웹,사용자,전자결재,전자결재,기안서 작성,출장신청서,휴게 및 근무 시간,근로기준법에 따라 휴게 시간이 자동 계산되어 노출됨. 신청 사유는 캘린더 일정 등록 시 제목으로 사용됨.,,-,"자동 계산: 근무 시간 4시간당 30분, 8시간당 1시간 휴게 적용.",,,,,,,,,,,,,,,,근로기준법에 따라 휴게 시간이 자동 계산되어 노출됨. 신청 사유는 캘린더 일정 등록 시 제목으로 사용됨.
USR-APR-9,웹,사용자,전자결재,전자결재,기안서 작성,출장신청서,상세 내용 작성,"리치 텍스트 에디터(Rich Text Editor)를 통해 출장 목적, 계획 등 상세 내용을 자유롭게 작성함. 하단에 현재 입력된 단어 수가 표시됨.",,-,-,,,,,,,,,,,,,,,,"리치 텍스트 에디터(Rich Text Editor)를 통해 출장 목적, 계획 등 상세 내용을 자유롭게 작성함. 하단에 현재 입력된 단어 수가 표시됨."
USR-APR-10,웹,사용자,전자결재,전자결재,기안서 작성,출장신청서,첨부 및 관련 문서,"드래그 앤 드롭 방식으로 파일을 첨부하고, 관련 결재 문서를 검색하여 연결함. 관련 문서가 없을 경우 안내 문구가 표시됨.",,-,-,,,,,,,,,,,,,,,,"드래그 앤 드롭 방식으로 파일을 첨부하고, 관련 결재 문서를 검색하여 연결함. 관련 문서가 없을 경우 안내 문구가 표시됨."
USR-APR-11,웹,사용자,전자결재,전자결재,기안서 작성,출장신청서,결재 처리 액션,"결재라인 지정, 결재요청, 미리보기, 임시저장 기능을 수행함. 상단 우측 설정에 따라 3분 간격으로 자동저장이 실행됨.",,필수값 누락 시 결재요청 버튼 비활성화.,-,,,,,,,,,,,,,,,,"결재라인 지정, 결재요청, 미리보기, 임시저장 기능을 수행함. 상단 우측 설정에 따라 3분 간격으로 자동저장이 실행됨."
USR-APR-12,웹,사용자,전자결재,전자결재,기안서 작성,재택근무신청서,신청 기본 정보,"제목(필수), 신청일(기간), 신청 시간 및 근무지 구분을 설정함. 신청일은 최대 7일까지 선택 가능하며 '당일' 체크 시 시작/종료일이 동일하게 설정됨.",,제목 미입력 시 상신 불가,-,,,,,,,,,,,,본인,,,,"제목(필수), 신청일(기간), 신청 시간 및 근무지 구분을 설정함. 신청일은 최대 7일까지 선택 가능하며 '당일' 체크 시 시작/종료일이 동일하게 설정됨."
USR-APR-13,웹,사용자,전자결재,전자결재,기안서 작성,재택근무신청서,신청 시간,"시작/종료 시간과 '근무지 구분(선택)'을 입력함. '+ 추가' 버튼으로 여러 시간대 등록할 수 있으며, '종일일정' 체크 시 시간 선택이 비활성화됨.

마이 페이지 > 거주지 정보 연동하여 근무지로 자동 설정됨",,-,-,,,,,,,,,,,,,,,,"시작/종료 시간과 '근무지 구분(선택)'을 입력함. '+ 추가' 버튼으로 여러 시간대 등록할 수 있으며, '종일일정' 체크 시 시간 선택이 비활성화됨.

마이 페이지 > 거주지 정보 연동하여 근무지로 자동 설정됨"
USR-APR-14,웹,사용자,전자결재,전자결재,기안서 작성,재택근무신청서,신청 시간 개별 설정,"개별 설정' 토글 활성화 시, 상단에서 선택한 신청 기간의 모든 날짜가 리스트 형태로 나열됨. 각 날짜별로 독립적인 시작/종료 시간 및 근무지 구분을 설정할 수 있음.

(상단의 '신청일' 범위가 변경될 때마다 하단의 개별 일정 리스트가 실시간으로 재생성)",개별 설정 토글 (ON/OFF),일자별 최소 1개 이상의 시간/근무지 정보 입력 필수.,"동적 리스트 생성: '신청일' 범위에 따라 날짜별 카드 섹션 자동 생성.

전체 반영: 특정 날짜의 설정을 선택하여 리스트 내 모든 날짜에 일괄 복사.",,,,,,,,,,,,,,,,"개별 설정' 토글 활성화 시, 상단에서 선택한 신청 기간의 모든 날짜가 리스트 형태로 나열됨. 각 날짜별로 독립적인 시작/종료 시간 및 근무지 구분을 설정할 수 있음.

(상단의 '신청일' 범위가 변경될 때마다 하단..."
USR-APR-15,웹,사용자,전자결재,전자결재,기안서 작성,재택근무신청서,개별 일정 컨트롤,"전체 반영' 버튼 클릭 시 특정 일자의 데이터를 전체 일자로 확산하며, '초기화' 클릭 시 입력된 모든 개별 데이터를 삭제함. 날짜별 카드 우측의 '+ 추가' 버튼으로 하루 내 여러 시간대 등록 가능",,-,데이터 초기화: 전체 배열(Array)을 빈 값으로 리셋,,,,,,,,,,,,,,,,"전체 반영' 버튼 클릭 시 특정 일자의 데이터를 전체 일자로 확산하며, '초기화' 클릭 시 입력된 모든 개별 데이터를 삭제함. 날짜별 카드 우측의 '+ 추가' 버튼으로 하루 내 여러 시간대 등록 가능"
USR-APR-16,웹,사용자,전자결재,전자결재,기안서 작성,재택근무신청서,데이터 연동,알림: 결재 상신 시 결재선 지정자에게 푸시 알림 발송.,,-,-,,,,,,,,,,,,,,,,알림: 결재 상신 시 결재선 지정자에게 푸시 알림 발송.
USR-APR-17,웹,사용자,전자결재,전자결재,기안서 작성,외근신청서,입력 폼,"1. 제목: 필수 입력 텍스트
2. 신청일: 기간 선택(DateRange). '당일' 체크 시 시작/종료일 동일화. 최대 7일 제한.
3. 신청 시간
: 시작/종료 시간 선택. '+추가' 버튼으로 다중 시간대 설정 가능. '종일일정' 토글 제공.
: 공통 -> 개별 : 공통 설정에 입력되어 있던 시간 데이터가 개별 설정의 모든 날짜에 기본값으로 복사
: 개별 -> 공통 : 신청 기간내 동일한 시간 반영  
4. 상세 내용: 에디터(Rich Text) 활용 전문 입력.
5. 파일 첨부 : 파일 드래그 또는 파일 선택
6. 관련 문서 : 문서 검색 ","임시저장, 결재대기, 승인, 반려","1.시간 중복 방지 : 동일한 날짜내 추가된 시간대끼리 겹치지 않아야 함 
2. 신청일 연동 : 상단 신청일 섹션에서 날짜 범위 변경시, 개별 설정 리스트의 날짜 항목도 실시간으로 변경
","1. 기간 제한: (종료일 - 시작일) > 7일 일 경우 에러 알럿.


2. 휴게 시간: 근로기준법 의거, 근무 4시간당 30분/8시간당 1시간 자동 차감 노출.",,,,,,,,,,,,,,,,"1. 제목: 필수 입력 텍스트
2. 신청일: 기간 선택(DateRange). '당일' 체크 시 시작/종료일 동일화. 최대 7일 제한.
3. 신청 시간
: 시작/종료 시간 선택. '+추가' 버튼으로 다중 시간대 설정 ..."
USR-APR-18,웹,사용자,전자결재,전자결재,기안서 작성,외근신청서,데이터 연동,"1. 자동 등록: 신청 완료 시 해당 일정이 사용자 캘린더(USR-SCH)에 자동 등록됨.
2. 알림: 결재 상신 시 결재선 지정자에게 푸시 알림 발송.",,-,-,,,,,,,,,,,,,,,,"1. 자동 등록: 신청 완료 시 해당 일정이 사용자 캘린더(USR-SCH)에 자동 등록됨.
2. 알림: 결재 상신 시 결재선 지정자에게 푸시 알림 발송."
USR-APR-19,웹,사용자,전자결재,전자결재,기안서 작성,파견신청서,입력 폼,"1. 제목: 필수 입력 텍스트
2. 신청일: 기간 선택(DateRange). '당일' 체크 시 시작/종료일 동일화. 최대 30일 제한.
3. 신청 시간: 시작/종료 시간 선택. '+추가' 버튼으로 다중 시간대 설정 가능. '종일일정' 토글 제공.
4. 상세 내용: 에디터(Rich Text) 활용 전문 입력.
5. 파일 첨부 : 파일 드래그 또는 파일 선택
6. 관련 문서 : 문서 검색 ","임시저장, 결재대기, 승인, 반려","1.시간 중복 방지 : 동일한 날짜내 추가된 시간대끼리 겹치지 않아야 함 
2. 신청일 연동 : 상단 신청일 섹션에서 날짜 범위 변경시, 개별 설정 리스트의 날짜 항목도 실시간으로 변경
","1. 기간 제한: (종료일 - 시작일) > ３０일 일 경우 에러 알럿.


2. 휴게 시간: 근로기준법 의거, 근무 4시간당 30분/8시간당 1시간 자동 차감 노출.",,,,,,,,,,,,,,,,"1. 제목: 필수 입력 텍스트
2. 신청일: 기간 선택(DateRange). '당일' 체크 시 시작/종료일 동일화. 최대 30일 제한.
3. 신청 시간: 시작/종료 시간 선택. '+추가' 버튼으로 다중 시간대 설정 ..."
USR-APR-20,웹,사용자,전자결재,전자결재,기안서 작성,파견신청서,데이터 연동,"1. 자동 등록: 신청 완료 시 해당 일정이 사용자 캘린더(USR-SCH)에 자동 등록됨.
2. 알림: 결재 상신 시 결재선 지정자에게 푸시 알림 발송.",,-,-,,,,,,,,,,,,,,,,"1. 자동 등록: 신청 완료 시 해당 일정이 사용자 캘린더(USR-SCH)에 자동 등록됨.
2. 알림: 결재 상신 시 결재선 지정자에게 푸시 알림 발송."
USR-APR-21,웹,사용자,전자결재,전자결재,기안서 작성,시간외근무신청서,기안서 헤더 및 결재선,"기안자, 소속부서, 기안일, 문서번호 등 기본 정보를 자동 렌더링함. 좌측 결재란 영역에 지정된 결재자의 상태(기안 등)를 표시함.",[기안]: 본인 기안 상태.,-,-,-,,,,,,,,,,,,,,,"기안자, 소속부서, 기안일, 문서번호 등 기본 정보를 자동 렌더링함. 좌측 결재란 영역에 지정된 결재자의 상태(기안 등)를 표시함."
USR-APR-22,웹,사용자,전자결재,전자결재,기안서 작성,시간외근무신청서,근무일시 설정,"근무 날짜를 캘린더 피커로 선택하고, 시작/종료 시 및 분을 지정함. 휴일 근무일 경우 '휴일' 체크박스를 활성화함.",,종료 시간은 시작 시간보다 빨라야 함.,-,,,,,,,,,,,,,,,,"근무 날짜를 캘린더 피커로 선택하고, 시작/종료 시 및 분을 지정함. 휴일 근무일 경우 '휴일' 체크박스를 활성화함."
USR-APR-23,웹,사용자,전자결재,전자결재,기안서 작성,시간외근무신청서,휴게시간 관리,"휴게하지 않음' 토글을 통해 휴게 시간 입력 여부를 결정함. 시작/종료 시간을 선택하며, '+ 추가' 버튼으로 다중 휴게 시간을 설정할 수 있음.",,[제약]: 휴게 시간은 설정된 시간외근무 신청 범위(근무일시) 내에서만 설정 가능함.,총 휴게시간 = Σ(각 휴게 종료 시간 - 시작 시간).,,,,,,,,,,,,,,,,"휴게하지 않음' 토글을 통해 휴게 시간 입력 여부를 결정함. 시작/종료 시간을 선택하며, '+ 추가' 버튼으로 다중 휴게 시간을 설정할 수 있음."
USR-APR-24,웹,사용자,전자결재,전자결재,기안서 작성,시간외근무신청서,근무시간 자동계산,입력된 근무일시와 휴게시간을 바탕으로 순수 근무 시간을 실시간으로 계산하여 표시함.,,-,순수 근무시간 = (근무 종료 - 근무 시작) - 총 휴게시간.,,,,,,,,,,,,,,,,입력된 근무일시와 휴게시간을 바탕으로 순수 근무 시간을 실시간으로 계산하여 표시함.
USR-APR-25,웹,사용자,전자결재,전자결재,기안서 작성,시간외근무신청서,파일 및 관련문서,드래그 앤 드롭 또는 파일 선택을 통해 증빙 서류를 첨부함. '문서 검색' 버튼을 클릭하여 본 기안과 연관된 과거 결재 문서를 연결함.,,"관련 문서가 없을 시 ""관련된 문서가 없습니다."" 안내 노출.",-,,,,,,,,,,,,,,,,드래그 앤 드롭 또는 파일 선택을 통해 증빙 서류를 첨부함. '문서 검색' 버튼을 클릭하여 본 기안과 연관된 과거 결재 문서를 연결함.
USR-APR-26,웹,사용자,전자결재,전자결재,기안서 작성,시간외근무신청서,기안 액션 버튼,"결재라인 지정, 결재요청, 미리보기, 임시저장 기능을 하단 버튼을 통해 수행함. 상단 우측 '자동저장' 옵션을 통해 작성 중인 내용을 주기적으로 백업함.",,필수 입력값(신청 사유 등) 누락 시 결재요청 불가.,-,,,,,,,,,,,,,,,,"결재라인 지정, 결재요청, 미리보기, 임시저장 기능을 하단 버튼을 통해 수행함. 상단 우측 '자동저장' 옵션을 통해 작성 중인 내용을 주기적으로 백업함."
USR-APR-27,웹,사용자,전자결재,전자결재,기안서 작성,공문서,-,-,,-,-,-,,,,,,,,,,,,,,,-
USR-APR-28,웹,사용자,전자결재,전자결재,기안서 작성,품의서,-,-,,-,-,-,,,,,,,,,,,,,,,-
USR-APR-29,웹,사용자,전자결재,전자결재,기안서 작성,지출결의서,-,-,,-,-,-,,,,,,,,,,,,,,,-
USR-APR-30,웹,사용자,전자결재,전자결재,나의 현황,,-,-,,-,-,-,,,,,,,,,,,,,,,-
USR-APR-31,웹,사용자,전자결재,전자결재,결재 현황,결재할문서,-,-,,-,-,-,,,,,,,,,,,,,,,-
USR-APR-32,웹,사용자,전자결재,전자결재,결재 현황,상신한 문서,-,-,,-,-,-,,,,,,,,,,,,,,,-
USR-SCH-1,웹,사용자,일정,일정,일정,월간캘린더,전사일정통합뷰,"전사원의 연차, 반차, 출장, 외근 일정을 캘린더 형식으로 시각화하여 노출함. 상단 탭(일정, 나의 근태 현황, 연차 및 휴가) 전환 기능 포함.","연차, 반차, 출장, 외근, 신청.",선택된 연/월 범위를 벗어난 데이터 렌더링 제외,-,,,,,,,,,,,,,,,,"전사원의 연차, 반차, 출장, 외근 일정을 캘린더 형식으로 시각화하여 노출함. 상단 탭(일정, 나의 근태 현황, 연차 및 휴가) 전환 기능 포함."
USR-SCH-2,웹,사용자,일정,일정,일정,상세 팝업,일정확인 탭,"캘린더의 일정 라벨 클릭 시 해당 일정의 상세 정보를 담은 모달을 노출함. 상단 탭(일정 확인, 메모 내역)을 통해 정보 영역을 전환","팝업 Open/Close, 선택된 탭",데이터 로딩 중 스켈레톤 UI 노출 및 호출 실패 시 에러 메시지 처리,"클릭된 일정의 고유 ID를 기반으로 작성자 정보(소속, 성명) 및 일정 상세(일자, 시간, 근무지, 내용) 데이터를 호출",,,,,,,,,,,,,,,,"캘린더의 일정 라벨 클릭 시 해당 일정의 상세 정보를 담은 모달을 노출함. 상단 탭(일정 확인, 메모 내역)을 통해 정보 영역을 전환"
USR-SCH-3,웹,사용자,일정,일정,일정,상세 팝업,메모내역 탭,일정 상세 팝업 내 '메모 내역' 탭 클릭 시 해당 일정과 관련된 모든 메모 리스트를 노출함. 모바일 앱에서 출장/외근 일정 갱신 시 남긴 메모가 자동으로 동기화되어 표시됨.,,-,생성일자(최신순) 기준 정렬 로직 적용.,,,,,,,,,,,,,,,,일정 상세 팝업 내 '메모 내역' 탭 클릭 시 해당 일정과 관련된 모든 메모 리스트를 노출함. 모바일 앱에서 출장/외근 일정 갱신 시 남긴 메모가 자동으로 동기화되어 표시됨.
USR-SCH-4,웹,사용자,일정,일정,일정,상세 팝업,메모내역 관리,리스트에 노출된 메모 중 본인이 작성한 메모에 한해 '수정' 및 '삭제' 기능을 제공함. 이 기능은 모바일 앱과 웹 일정 페이지 모두에서 동일하게 적용됨.,,삭제 시 재확인 컨펌창,-,,,,,,,,,,,,,,,,리스트에 노출된 메모 중 본인이 작성한 메모에 한해 '수정' 및 '삭제' 기능을 제공함. 이 기능은 모바일 앱과 웹 일정 페이지 모두에서 동일하게 적용됨.
USR-SCH-5,웹,사용자,일정,일정,일정,상세 팝업,상세 정보 리스트,"일정 종류(출장, 외근 등)를 제목으로 하고, 일자, 시간, 근무지, 내용을 아이콘과 함께 리스트 형태로 나열함","데이터 있음, 데이터 없음","내역이 없을 경우 ""메모 내역이 없습니다."" 문구 및 아이콘 노출.",근무지' 데이터가 존재할 경우에만 해당 행을 노출하는 조건부 렌더링.,,,,,,,,,,,,,,,,"일정 종류(출장, 외근 등)를 제목으로 하고, 일자, 시간, 근무지, 내용을 아이콘과 함께 리스트 형태로 나열함"
USR-SCH-6,웹,사용자,일정,일정,연차 및 휴가,개인 연차 요약,연차 현황 카드,"사용자의 총 연차, 사용 연차, 잔여 연차 정보를 카드 형태로 시각화하여 노출함. 좌측 상단 셀렉트 박스에서 선택한 연도(예: 2026년도)를 기준으로 데이터를 집계함.",,-,잔여 연차 = 총 연차 - 사용 연차.,,,,,,,,,,,,,,,,"사용자의 총 연차, 사용 연차, 잔여 연차 정보를 카드 형태로 시각화하여 노출함. 좌측 상단 셀렉트 박스에서 선택한 연도(예: 2026년도)를 기준으로 데이터를 집계함."
USR-SCH-7,웹,사용자,일정,일정,연차 및 휴가,연차 및 휴가 리스트,항목별 상세 내역,야호데이연차 등 보유 중인 휴가 항목별 발생 일수와 소멸 예정 정보를 리스트로 노출함. '연차 외 휴가 확인' 버튼 클릭 시 추가 상세 정보 팝업 호출.,,-,"소멸 예정일이 30일 이내일 경우 ""N일 후 소멸"" 배지 노출.",,,,,,,,,,,,,,,,야호데이연차 등 보유 중인 휴가 항목별 발생 일수와 소멸 예정 정보를 리스트로 노출함. '연차 외 휴가 확인' 버튼 클릭 시 추가 상세 정보 팝업 호출.
USR-SCH-8,웹,사용자,일정,일정,연차 및 휴가,신청 관리,연차(휴가) 신청 버튼,클릭 시 앞서 정의한 '재택/휴가 신청서 작성' 페이지(USR-APR-001)로 이동함.,,잔여 연차가 0일인 경우 버튼 비활성화 또는 안내 메시지 출력.,-,,,,,,,,,,,,,,,,클릭 시 앞서 정의한 '재택/휴가 신청서 작성' 페이지(USR-APR-001)로 이동함.
USR-SCH-9,웹,사용자,일정,일정,연차 및 휴가,사용 내역,상태별 필터 탭,"전체, 진행, 완료, 반려, 취소 상태별로 사용 내역을 필터링하여 하단 테이블에 렌더링함","전체, 진행, 완료, 반려, 취소.",-,각 상태값에 해당하는 데이터 필터링 로직,,,,,,,,,,,,,,,,"전체, 진행, 완료, 반려, 취소 상태별로 사용 내역을 필터링하여 하단 테이블에 렌더링함"
USR-SCH-10,웹,사용자,일정,일정,연차 및 휴가,사용 내역,내역 상세 테이블,"결재상태, 사용일, 휴가형태, 사용일수, 사유, 신청일 정보를 리스트로 표시함. '기안서 확인' 아이콘 클릭 시 해당 전자결재 문서를 새 창이나 팝업으로 노출함.","[완료]: 결재 완료(파란색 아이콘), [진행]: 결재 중 등.",-,-,,,,,,,,,,,,,,,,"결재상태, 사용일, 휴가형태, 사용일수, 사유, 신청일 정보를 리스트로 표시함. '기안서 확인' 아이콘 클릭 시 해당 전자결재 문서를 새 창이나 팝업으로 노출함."
USR-SCH-11,웹,사용자,일정,일정,연차 및 휴가,연차 외 휴가 확인,연차 외 휴가 조회 모달,연차 및 휴가' 탭의 '연차 외 휴가 확인' 버튼 클릭 시 노출되는 상세 조회 모달임. '나의 연차 외 휴가'와 '휴가 목록' 탭으로 정보를 구분하여 제공함,"팝업 Open/Close, 선택된 탭(나의 휴가/목록)",데이터 호출 실패 시 빈 리스트 또는 에러 메시지 노출,-,,,,,,,,,,,,,,,,연차 및 휴가' 탭의 '연차 외 휴가 확인' 버튼 클릭 시 노출되는 상세 조회 모달임. '나의 연차 외 휴가'와 '휴가 목록' 탭으로 정보를 구분하여 제공함
USR-SCH-12,웹,사용자,일정,일정,연차 및 휴가,연차 외 휴가 확인,상태 필터링,"전체, 미사용, 사용중, 사용완료, 기한초과 체크박스를 통해 내역을 실시간으로 필터링함. 여러 상태를 중복 선택하여 조회 가능함","전체, 미사용, 사용중, 사용완료, 기한초과",최소 1개 이상의 필터가 선택되어야 함,선택된 필터 조건에 따른 데이터셋 필터링 로직,,,,,,,,,,,,,,,,"전체, 미사용, 사용중, 사용완료, 기한초과 체크박스를 통해 내역을 실시간으로 필터링함. 여러 상태를 중복 선택하여 조회 가능함"
USR-SCH-13,웹,사용자,일정,일정,연차 및 휴가,연차 외 휴가 확인,휴가 항목 카드,"각 휴가 항목별로 휴가형태명, 사용기한, 도움말, 휴가일수, 잔여일수 정보를 카드 형태로 노출함. 우측 상단에 현재 상태 배지를 표시함","미사용(회색), 사용중(하늘색) 등.",-,잔여일수 = 총 휴가일수 - 누적 사용일수,,,,,,,,,,,,,,,,"각 휴가 항목별로 휴가형태명, 사용기한, 도움말, 휴가일수, 잔여일수 정보를 카드 형태로 노출함. 우측 상단에 현재 상태 배지를 표시함"
USR-SCH-14,웹,사용자,일정,일정,연차 및 휴가,연차 외 휴가 확인,소멸 알림 로직,"사용기한이 임박한 항목(예: 30일 이내)에 대해 ""N일 후 소멸"" 배지를 강조 노출함",,현재 날짜가 사용기한 종료일을 경과한 경우 자동으로 '기한초과' 처리.,D-Day 계산: 소멸 예정일 - 현재 날짜,,,,,,,,,,,,,,,,"사용기한이 임박한 항목(예: 30일 이내)에 대해 ""N일 후 소멸"" 배지를 강조 노출함"
USR-SCH-15,웹,사용자,일정,일정,연차 및 휴가,연차 외 휴가 확인,휴가 목록 탭,"관리자가 시스템에 등록해둔 전체 휴가 항목 리스트를 조회함. '나의 연차 외 휴가' 탭 우측에 배치되며, 클릭 시 해당 정보 영역으로 전환됨.",탭 활성화/비활성화.,-,-,,,,,,,,,,,,,,,,"관리자가 시스템에 등록해둔 전체 휴가 항목 리스트를 조회함. '나의 연차 외 휴가' 탭 우측에 배치되며, 클릭 시 해당 정보 영역으로 전환됨."
USR-SCH-16,웹,사용자,일정,일정,연차 및 휴가,연차 외 휴가 확인,휴가형태 검색,상단 우측 검색창에 '휴가형태명' 키워드를 입력하여 특정 휴가를 검색함. 돋보기 아이콘 클릭 또는 엔터 키 입력 시 필터링 적용,,"검색 결과가 없을 시 ""검색 결과가 없습니다"" 안내 문구 노출",검색어 부분 일치(Partial Match) 필터링 로직,,,,,,,,,,,,,,,,상단 우측 검색창에 '휴가형태명' 키워드를 입력하여 특정 휴가를 검색함. 돋보기 아이콘 클릭 또는 엔터 키 입력 시 필터링 적용
USR-SCH-17,웹,사용자,일정,일정,연차 및 휴가,연차 외 휴가 확인,휴가 정책 카드,"각 휴가 항목별로 휴가형태명, 사전등록대상 여부, 도움말, 부여된 휴가일수 정보를 노출함. 정책 정보이므로 잔여일수 정보는 포함하지 않음","[대상]: 사전 등록이 필요한 항목, [미대상]: 즉시 신청 가능한 항목",-,-,,,,,,,,,,,,,,,,"각 휴가 항목별로 휴가형태명, 사전등록대상 여부, 도움말, 부여된 휴가일수 정보를 노출함. 정책 정보이므로 잔여일수 정보는 포함하지 않음"
USR-ATT-1,웹,사용자,근무현황,근무현황,-,-,-,부서별 구성원의 실시간 상태 조회,"미출근, 사무실(출근), 연차, 파견, 반차, 반반차, 출장, 외근, 재택",,,,,,,,,,,,,,,,,,부서별 구성원의 실시간 상태 조회
USR-ATT-2,웹,사용자,근무현황,근무현황,사이드바,조직도 검색,통합 검색창,"이름, 직책, 부서명, 전화번호를 키워드로 구성원을 검색함. 입력 시 실시간으로 하단 트리 구조에 하이라이트 또는 필터링 적용.",,,검색어 부분 일치(Partial Match) 필터링 로직.,,,,,,,,,,,,,,,,"이름, 직책, 부서명, 전화번호를 키워드로 구성원을 검색함. 입력 시 실시간으로 하단 트리 구조에 하이라이트 또는 필터링 적용."
USR-ATT-3,웹,사용자,근무현황,근무현황,사이드바,조직도 트리,조직 계층 구조,"전사 조직을 최상위(회사명)부터 부서, 팀 단위로 계층화하여 노출함. 각 노드별 체크박스를 통해 우측 바디 영역의 노출 대상을 제어함.","활성화, 비활성화",상위 부서 해제 시 하위 팀 전체 자동 해제 처리,체크된 부서 및 하위 조직에 포함된 모든 인원 ID 리스트 추출.,,,,,,,,,,,,,,,,"전사 조직을 최상위(회사명)부터 부서, 팀 단위로 계층화하여 노출함. 각 노드별 체크박스를 통해 우측 바디 영역의 노출 대상을 제어함."
USR-ATT-4,웹,사용자,근무현황,근무현황,바디영역,구성원 목록,그룹별 리스트,사이드바에서 선택된 조직을 헤더(예: HR경영부(4))로 구분하여 구성원 카드를 나열함.,,"선택된 조직에 구성원이 없을 경우 ""검색 결과가 없습니다"" 노출.",부서별 인원수 자동 집계,,,,,,,,,,,,,,,,사이드바에서 선택된 조직을 헤더(예: HR경영부(4))로 구분하여 구성원 카드를 나열함.
USR-ATT-5,웹,사용자,근무현황,근무현황,바디영역,근무 상태,상태 배지,"구성원의 프로필 이미지, 성명, 직책과 함께 현재 근무 상태(미출근, 퇴근 등)를 컬러 배지로 표시함",,-,당일 출퇴근 기록 존재 여부 및 현재 시각 기준 상태 판별,,,,,,,,,,,,,,,,"구성원의 프로필 이미지, 성명, 직책과 함께 현재 근무 상태(미출근, 퇴근 등)를 컬러 배지로 표시함"
USR-MYP-6,웹,사용자,마이페이지,마이페이지,기본정보,프로필 관리,프로필 사진 편집,현재 프로필 이미지를 확인하고 '사진 변경' 버튼으로 새 이미지를 업로드하거나 '기본 이미지로 변경'함.,,"가로/세로 85px 이상, 1:1 비율 정방형 이미지 권장.",-,,,,,,,,,,,,,,,,현재 프로필 이미지를 확인하고 '사진 변경' 버튼으로 새 이미지를 업로드하거나 '기본 이미지로 변경'함.
USR-MYP-7,웹,사용자,마이페이지,마이페이지,기본정보,인적 사항,개인/직무 정보 조회,"부서, 이름, 입사일, 사번, 근무지 등 회사가 관리하는 기본 직무 정보를 확인함. 이메일 정보는 수정 불가능한 읽기 전용으로 제공됨.",[재직]: 현재 재직 중 상태,기본 직무 정보는 사용자 직접 수정 불가.,-,,,,,,,,,,,,,,,,"부서, 이름, 입사일, 사번, 근무지 등 회사가 관리하는 기본 직무 정보를 확인함. 이메일 정보는 수정 불가능한 읽기 전용으로 제공됨."
USR-MYP-8,웹,사용자,마이페이지,마이페이지,기본정보,연락처 정보,거주지 주소 설정,"주소 찾기' 버튼을 통해 우편번호와 기본 주소를 검색하고, 상세 주소(동, 호수)를 직접 입력함.",,상세 주소 미입력 시 저장 불가.,-,,,,,,,,,,,,,,,,"주소 찾기' 버튼을 통해 우편번호와 기본 주소를 검색하고, 상세 주소(동, 호수)를 직접 입력함."
USR-MYP-9,웹,사용자,마이페이지,마이페이지,기본정보,계정 보안,비밀번호 변경,현재 비밀번호' 인증 후 '신규 비밀번호'와 '재입력' 값을 통해 계정 비밀번호를 수정함. '비밀번호 보기' 체크 시 입력 문자 노출.,,"숫자, 영문, 특수문자 포함 8~14자리 필수. 신규/재입력 불일치 시 에러 노출.",-,,,,,,,,,,,,,,,,현재 비밀번호' 인증 후 '신규 비밀번호'와 '재입력' 값을 통해 계정 비밀번호를 수정함. '비밀번호 보기' 체크 시 입력 문자 노출.
USR-MYP-10,웹,사용자,마이페이지,마이페이지,기본정보,연락처 정보,전화번호 관리,휴대전화번호 및 자리 전화번호를 입력 칸 단위로 구분하여 기록함.,,휴대전화번호 필수 입력 체크.,-,,,,,,,,,,,,,,,,휴대전화번호 및 자리 전화번호를 입력 칸 단위로 구분하여 기록함.
USR-MYP-11,웹,사용자,마이페이지,마이페이지,기본정보,전자 서명,내 서명 확인/등록,전자결재 기안 시 사용할 개인 서명 이미지를 확인하거나 등록함. 최초 1회만 등록 가능하며 수정은 관리자 권한 필요.,[서명 등록 완료]: 유효한 서명이 등록된 상태.,-,-,,,,,,,,,,,,,,,,전자결재 기안 시 사용할 개인 서명 이미지를 확인하거나 등록함. 최초 1회만 등록 가능하며 수정은 관리자 권한 필요.
USR-MYP-12,웹,사용자,마이페이지,마이페이지,기본정보,접속 관리,로그인 디바이스 정보,PC 런처 및 모바일 앱의 최근 로그인 일시 정보를 노출함. '변경 이력' 버튼 클릭 시 기기 변경 히스토리 팝업 호출.,,-,-,,,,,,,,,,,,,,,,PC 런처 및 모바일 앱의 최근 로그인 일시 정보를 노출함. '변경 이력' 버튼 클릭 시 기기 변경 히스토리 팝업 호출.
USR-MYP-13,웹,사용자,마이페이지,마이페이지,기본정보,전체 관리,최종 정보 저장,"하단 '저장' 버튼 클릭 시 변경된 거주지, 연락처, 비밀번호 등의 정보를 서버에 일괄 반영함",,현재 비밀번호가 유효하지 않거나 필수값 누락 시 저장 제한,-,,,,,,,,,,,,,,,,"하단 '저장' 버튼 클릭 시 변경된 거주지, 연락처, 비밀번호 등의 정보를 서버에 일괄 반영함"
,모바일,사용자,메인,메인,기본 정보,금일 일자,,금일 일자 고정 노출,,,,,,,,,,,,,,,,,,,금일 일자 고정 노출
,모바일,사용자,메인,메인,기본 정보,현재 상태 및 상세 근무지 노출,,"상황별 상태(미출근, 퇴근, 근무중, 출장, 파견, 외근, 재택, 이동중) 노출
+ 상세 근무지 위치 노출  

1. 기본 근무지로 등록된 장소 중 출근 처리되어 '근무중' 상태 갱신 (기본 근무지로 등록된 장소가 아닌 곳에서는 출퇴근 등록 불가) -> 상세 근무지 위치 노출 
2. 출장/외근/파견 전자결재 신청시, 상세 근무지 선택 가능 -> 출장/외근/파견 상태 갱신 시, 상세 근무지 위치 노출 (없는 경우, 미노출)
3. 재택의 경우, 사용자의 거주지가 근무지이기 때문에 개인정보 이슈로 미노출
4. 이동중의 경우, 위치 정보 미노출 "," 미출근, 퇴근, 근무중, 출장, 파견, 외근, 재택, 이동중",,"상태에 따라 상세 근무지 정보 있는 경우, 상태칩 노출 / 상세 근무지 정보 없으면 상태침 미노출",,,,,,,,,,,,,,,,"상황별 상태(미출근, 퇴근, 근무중, 출장, 파견, 외근, 재택, 이동중) 노출
+ 상세 근무지 위치 노출  

1. 기본 근무지로 등록된 장소 중 출근 처리되어 '근무중' 상태 갱신 (기본 근무지로 등록된 장소가 ..."
MOB-SCH-1,모바일,사용자,메인,메인,오늘 출장/외근 일정,오늘 출장/외근 일정,일정 요약 정보,오늘 예정된 출장과 외근의 총 건수를 상단에 노출함.,,-,총 건수: 당일 등록된 일정,,,,,,,,,,,,,,,,오늘 예정된 출장과 외근의 총 건수를 상단에 노출함.
MOB-SCH-2,모바일,사용자,메인,메인,오늘 출장/외근 일정,오늘 출장/외근 일정,일정 리스트 및 상태,"시간 순서대로 일정을 나열하며, 현재 시각에 따라 진행중, 기본, 종료 상태를 시각적으로 구분함. 각 항목 클릭 시 상세 내용을 확인할 수 있는 링크 제공","[진행중]: 파란색 배지(ing)
[기본]: 파란색 텍스트
[종료]: 회색 처리 및 (종료) 표기",-,-,,,,,,,,,,,,,,,,"시간 순서대로 일정을 나열하며, 현재 시각에 따라 진행중, 기본, 종료 상태를 시각적으로 구분함. 각 항목 클릭 시 상세 내용을 확인할 수 있는 링크 제공"
MOB-SCH-3,모바일,사용자,메인,메인,오늘 출장/외근 일정,오늘 출장/외근 일정,일정 노출 제어,"1. X 버튼: 클릭 시 해당 일정 항목을 리스트에서 즉시 숨김 처리함.
2. 전체보기: 클릭 시 숨김 처리되었던 모든 일정을 다시 리스트에 노출함.
3. 되돌리기: 클릭 시 숨김 및 노출 상태를 무시하고 시스템 초기 설정(기본 상태)으로 복구함.","[숨김]: 화면에서 제외된 상태
[노출]: 전체보기를 통해 나타난 상태
[기본]: 초기 로딩 상태.",-,-,,,,,,,,,,,,,,,,"1. X 버튼: 클릭 시 해당 일정 항목을 리스트에서 즉시 숨김 처리함.
2. 전체보기: 클릭 시 숨김 처리되었던 모든 일정을 다시 리스트에 노출함.
3. 되돌리기: 클릭 시 숨김 및 노출 상태를 무시하고 시스템 초..."
MOB-SCH-4,모바일,사용자,메인,메인,오늘 출장/외근 일정,오늘 출장/외근 일정,리스트 페이징,등록된 일정의 개수가 3개를 초과할 경우 페이징 처리를 통해 화면 길이를 조절함,,-,-,,,,,,,,,,,,,,,,등록된 일정의 개수가 3개를 초과할 경우 페이징 처리를 통해 화면 길이를 조절함
MOB-SCH-5,모바일,사용자,메인,메인,오늘 출장/외근 일정,오늘 출장/외근 일정,근무지별 시작 팝업,"재택, 파견, 출장 등의 일정에 따라 근무 시작 버튼 클릭 시 해당 위치 정보와 메모 입력 칸이 포함된 팝업을 노출함. '바로 시작' 클릭 시 출근 처리가 완료됨.",,-,-,,,,,,,,,,,,,,,,"재택, 파견, 출장 등의 일정에 따라 근무 시작 버튼 클릭 시 해당 위치 정보와 메모 입력 칸이 포함된 팝업을 노출함. '바로 시작' 클릭 시 출근 처리가 완료됨."
MOB-SCH-6,모바일,사용자,메인,메인,오늘 출장/외근 일정,오늘 출장/외근 일정,근무 메모 입력,근무 시작 시 최대 30자까지 메모를 선택적으로 입력할 수 있음. '상세 내역보기 >' 클릭 시 과거 메모 이력 확인 페이지로 이동함.,,최대 30자 초과 입력 제한,글자 수 집계: 현재 입력된 글자 수 / 30자 실시간 표시.,,,,,,,,,,,,,,,,근무 시작 시 최대 30자까지 메모를 선택적으로 입력할 수 있음. '상세 내역보기 >' 클릭 시 과거 메모 이력 확인 페이지로 이동함.
MOB-SCH-7,모바일,사용자,메인,메인,오늘 출장/외근 일정,오늘 출장/외근 일정,근무 메모 연동,입력한 메모는 일정에서 상세 모달내 메모 내역 탭에서 조회/수정/삭제 가능,,-,-,,,,,,,,,,,,,,,,입력한 메모는 일정에서 상세 모달내 메모 내역 탭에서 조회/수정/삭제 가능
MOB-SCH-8,모바일,사용자,메인,메인,오늘 출장/외근 일정,오늘 출장/외근 일정,근무지 상태 배지,현재 근무 장소에 따라 메인 화면 우측 상단의 배지 컬러와 텍스트가 동적으로 변경됨,"사무실, 재택, 파견, 출장, 미출근, 퇴근, 외근, 이동중",-,-,,,,,,,,,,,,,,,,현재 근무 장소에 따라 메인 화면 우측 상단의 배지 컬러와 텍스트가 동적으로 변경됨
ADM-ATT-1,웹,관리자,근로 시간 현황,근로 시간 현황,근태 현황,조회 필터,일간/기간 탭 및 날짜 선택,일간' 또는 '기간' 단위를 선택하여 근무 현황을 조회함. 날짜 선택 시 해당 시점의 실시간 근태 및 위치 데이터가 대시보드에 반영됨.,,미래 날짜 선택 시 조회 제한 로직 필요.,-,,,,,,,,,,,,,,,,일간' 또는 '기간' 단위를 선택하여 근무 현황을 조회함. 날짜 선택 시 해당 시점의 실시간 근태 및 위치 데이터가 대시보드에 반영됨.
ADM-ATT-2,웹,관리자,근로 시간 현황,근로 시간 현황,근태 현황,현황 요약,근태/위치 요약,"선택된 조직의 미출근, 결근, 지각, 조기퇴근, 휴가 인원수와 근무 위치별(사무실, 출장 등) 인원수를 실시간 집계하여 노출함. 비콘(Beacon) 사용 현황 인원 정보도 함께 제공함.",[비콘 현황]: 충분/부족/사용중 상태 표시.,-,-,,,,,,,,,,,,,,,,"선택된 조직의 미출근, 결근, 지각, 조기퇴근, 휴가 인원수와 근무 위치별(사무실, 출장 등) 인원수를 실시간 집계하여 노출함. 비콘(Beacon) 사용 현황 인원 정보도 함께 제공함."
ADM-ATT-3,웹,관리자,근로 시간 현황,근로 시간 현황,근태 현황,근무 목록,구성원 근태 리스트,"부서별 구성원의 근무 유형, 출퇴근 시각(실제), 근로 시간(기본, 연장, 야간 등), 현재 근태 상태를 테이블 형태로 나열","[근태 상태]: 정상, 지각, 조기퇴근, 근태변경, 연차, 반차, 반반차",-,총 근로시간: 출근~퇴근 시간 차이에서 휴게 시간 차감.,,,,,,,,,,,,,,,,"부서별 구성원의 근무 유형, 출퇴근 시각(실제), 근로 시간(기본, 연장, 야간 등), 현재 근태 상태를 테이블 형태로 나열"
ADM-ATT-4,웹,관리자,근로 시간 현황,근로 시간 현황,근태 현황,근무 목록,이동,이동 항목내 화살표 클릭 시 해당 구성원의 당일 이동 경로 및 상세 주소 기록 팝업을 펼침,"[위치]: 사무실, 출장, 재택, 파견, 외근",-,-,,,,,,,,,,,,,,,,이동 항목내 화살표 클릭 시 해당 구성원의 당일 이동 경로 및 상세 주소 기록 팝업을 펼침
ADM-ATT-5,웹,관리자,근로 시간 현황,근로 시간 현황,근태 현황,근무 목록,상세 근무지 팝업,"구성원의 당일 근태 및 위치 변경 이력을 시간순으로 나열함. 출장, 외근, 재택, 파견 신청 건의 경우 승인된 시작 시간을 '일정' 컬럼에 우선 노출함.

런처 종료 또는 시스템 설정에 의해 자동으로 퇴근 처리된 경우, 상세 근무지 및 주소 컬럼에 '자동 정산' 배지를 노출함.

모바일 앱에서 상태 갱신 시 작성한 메모가 있을 경우, 우측에 메모 아이콘을 노출함. 아이콘 클릭 시 작성된 메모 텍스트를 툴팁으로 확인 가능.

출근 후 상태 갱신 (종일) : 종일 신청 건: 모바일 앱에서 '출근 등록' 즉시 해당 근무 상태(재택/파견/출장 등)로 자동 전환됨

출근 후 상태 갱신 (일부) : 일부 시간 신청 건: 모바일에서 출근 등록 후, 사용자가 필요에 따라 직접 상태를 갱신함, 신청한 시작 시간 전/후와 관계없이 사용자의 실제 이동 상황에 맞춰 수동 갱신 가능","[출근/퇴근]: 기본 근태 구분
[출장/외근/재택/파견]: 일정 구분","
출근 등록이 완료된 상태에서만 상태 갱신 버튼 노출.",-,,,,,,,,,,,,,,,,"구성원의 당일 근태 및 위치 변경 이력을 시간순으로 나열함. 출장, 외근, 재택, 파견 신청 건의 경우 승인된 시작 시간을 '일정' 컬럼에 우선 노출함.

런처 종료 또는 시스템 설정에 의해 자동으로 퇴근 처리된 경..."
ADM-ATT-6,웹,관리자,근로 시간 현황,근로 시간 현황,근태 현황,근무 목록,모바일 연동 데이터,"사용자가 모바일 앱에서 직접 상태를 갱신(출장/외근/재택/파견)한 경우에만 상세 근무지, 주소, 등록 시간 데이터를 매핑하여 노출함. 모바일 갱신이 없는 일정 건은 해당 칸을 '기록 없음' 또는 빈값으로 처리함

출장/외근/재택은 종일/일부 시간 설정하여 신청 가능, 파견은 종일만 신청 가능, 종일 신청시 출근 즉시 상태갱신되며, 일부 시간의 경우 출근 후 상태 갱신 가능, 즉 출근 후 해당 시간이 도래하기 전/후 사용자의 상황에 맞춰 갱신 가능 

모바일 앱에서 상태 갱신 되돌리기 하는 경우, 이전에 기록된 데이터 제거 (다만, 메모 내역은 남겨둠)",[기록 없음]: 모바일 상태 갱신 미발생 상태.,-,-,,,,,,,,,,,,,,,,"사용자가 모바일 앱에서 직접 상태를 갱신(출장/외근/재택/파견)한 경우에만 상세 근무지, 주소, 등록 시간 데이터를 매핑하여 노출함. 모바일 갱신이 없는 일정 건은 해당 칸을 '기록 없음' 또는 빈값으로 처리함

출..."
ADM-ATT-7,웹,관리자,근로 시간 현황,근로 시간 현황,근태 현황,상세 팝업,이동 기록,"구성원이 모바일 앱 등으로 출근, 출장, 외근, 퇴근을 등록할 당시의 GPS 기반 상세 주소와 시간을 시간순으로 나열함. 등록 시점을 기준으로 상세 근무지명이 자동 기록됨.",[자동 정산]: 런처/자동 퇴근 처리 시 표기,-,시간 정렬: DESC(최신순) 또는 ASC(시간순) 정렬.,,,,,,,,,,,,,,,,"구성원이 모바일 앱 등으로 출근, 출장, 외근, 퇴근을 등록할 당시의 GPS 기반 상세 주소와 시간을 시간순으로 나열함. 등록 시점을 기준으로 상세 근무지명이 자동 기록됨."
ADM-ATT-8,웹,관리자,근로 시간 현황,근로 시간 현황,근태 현황,상단 영역,데이터 내보내기,현재 필터링된 조건의 근무 현황 리스트를 엑셀 파일로 다운로드함,,권한 없는 사용자의 다운로드 시도 차단.,-,,,,,,,,,,,,,,,,현재 필터링된 조건의 근무 현황 리스트를 엑셀 파일로 다운로드함
,웹,관리자,조직관리,조직관리,근무지/비콘 관리,구분,카테고리 관리,"근무지를 대분류(본사, 지사, 출장/외근 등)로 구분하여 관리함. '+', '수정', '삭제' 버튼을 통해 카테고리 트리 구조를 편집함.

본사/지사별 하위 근무지를 최대 30개까지 등록 가능함. 사용자 개별 등록 근무지 수 제한은 없음.",,기본 카테고리(본사)는 삭제 불가 제약.,-,,,,,,,,,,,,,,,,"근무지를 대분류(본사, 지사, 출장/외근 등)로 구분하여 관리함. '+', '수정', '삭제' 버튼을 통해 카테고리 트리 구조를 편집함.

본사/지사별 하위 근무지를 최대 30개까지 등록 가능함. 사용자 개별 등록 ..."
,웹,관리자,조직관리,조직관리,근무지/비콘 관리,상세 근무지,리스트 관리,"등록된 각 근무지의 상세 정보 : 근무지명, 구성원수, 주소, 위경도, 출퇴근방식(GPS or 비콘), 출퇴근방식별 위치제한 여부 및 위치제한 값 노출

근무지수 등록 제한없음",,,,,,,,,,,,,,,,,,,"등록된 각 근무지의 상세 정보 : 근무지명, 구성원수, 주소, 위경도, 출퇴근방식(GPS or 비콘), 출퇴근방식별 위치제한 여부 및 위치제한 값 노출

근무지수 등록 제한없음"
,웹,관리자,조직관리,조직관리,근무지/비콘 관리,상세 근무지,근무지 등록/수정,"선택된 구분에 속하는 개별 근무지의 명칭, 주소, 좌표 정보를 등록함. '상세 근무지 등록' 버튼으로 새 장소를 추가하며, 리스트에서 바로 수정/삭제 가능함.",,근무지명 중복 체크 필수.,-,,,,,,,,,,,,,,,,"선택된 구분에 속하는 개별 근무지의 명칭, 주소, 좌표 정보를 등록함. '상세 근무지 등록' 버튼으로 새 장소를 추가하며, 리스트에서 바로 수정/삭제 가능함."
,웹,관리자,조직관리,조직관리,근무지/비콘 관리,상세 근무지 등록,기본 정보 설정,"근무지 구분(본사, 지사 등), 근무지명, 주소를 입력함. '주소 찾기' 후 '좌표확인'을 클릭해야 지도에 핀이 표시되며 등록이 가능함.",,필수값(*) 누락 시 저장 불가. '전체'로 설정된 근무지는 삭제 불가.,-,,,,,,,,,,,,,,,,"근무지 구분(본사, 지사 등), 근무지명, 주소를 입력함. '주소 찾기' 후 '좌표확인'을 클릭해야 지도에 핀이 표시되며 등록이 가능함."
,웹,관리자,조직관리,조직관리,근무지/비콘 관리,상세 근무지 등록,구성원 등록,구성원 등록' 탭에서 해당 근무지를 기본 근무지로 사용할 인원을 조직도에서 선택하여 매핑함.,,-,1:N 매핑: 하나의 근무지에 여러 구성원 할당 가능,,,,,,,,,,,,,,,,구성원 등록' 탭에서 해당 근무지를 기본 근무지로 사용할 인원을 조직도에서 선택하여 매핑함.
,웹,관리자,조직관리,조직관리,근무지/비콘 관리,상세 근무지 등록,출퇴근 방식>GPS,"출퇴근 방식으로 GPS를 선택하고 인증 허용 반경(50m~5km)을 설정함. '위치 제한 없이 어디서든 출퇴근 등록 설정' 체크 시 반경 제한이 해제

1. 출장/외근/재택: 위치 제한 없는 GPS 방식 자동 적용.
2. 파견: 파견지에 설정된 방식(GPS/비콘)을 그대로 따름","[반경]: 50m, 100m, 200m, 500m, 1km, 2km, 5km.",위치 제한 없음 설정 가능.,"인증 성공: Distance(현재위치, 근무지좌표) 설정반경내",,,,,,,,,,,,,,,,"출퇴근 방식으로 GPS를 선택하고 인증 허용 반경(50m~5km)을 설정함. '위치 제한 없이 어디서든 출퇴근 등록 설정' 체크 시 반경 제한이 해제

1. 출장/외근/재택: 위치 제한 없는 GPS 방식 자동 적용...."
,웹,관리자,조직관리,조직관리,근무지/비콘 관리,상세 근무지 등록,출퇴근 방식>비콘,"출퇴근 방식으로 비콘을 선택하고 연동할 장치를 지정함.
비콘 신호 감지를 통해 수동 출퇴근을 진행함. 자동 퇴근 설정 시 일일 근무 시간에 맞춰 퇴근이 자동 처리됨.



1. 파견 상태 시에는 해당 근무지에 설정된 방식(GPS/비콘)을 그대로 따름.",,비콘 상세 정보는 '비콘 관리' 팝업에서 수정 가능.,"이석 감지: 사용자가 출근 상태인 경우에만 활성화됨.

탐지 범위: 비콘 중심 반경 최대 11m 유효.",,,,,,,,,,,,,,,,"출퇴근 방식으로 비콘을 선택하고 연동할 장치를 지정함.
비콘 신호 감지를 통해 수동 출퇴근을 진행함. 자동 퇴근 설정 시 일일 근무 시간에 맞춰 퇴근이 자동 처리됨.



1. 파견 상태 시에는 해당 근무지에 설정된..."
,웹,관리자,조직관리,조직관리,근무지/비콘 관리,상세 근무지 등록,이석관리 설정,"출퇴근 방식이 '비콘'이면서 '이석관리 사용' 체크 시에만 활성화됨. 1분 주기로 신호를 감지하여 이석 현황을 기록함(앱 백그라운드 실행 필수).

출퇴근 방식 '비콘' + '이석관리 사용' 체크 시 활성화.",,미출근 상태에서는 기록되지 않음,-,,,,,,,,,,,,,,,,"출퇴근 방식이 '비콘'이면서 '이석관리 사용' 체크 시에만 활성화됨. 1분 주기로 신호를 감지하여 이석 현황을 기록함(앱 백그라운드 실행 필수).

출퇴근 방식 '비콘' + '이석관리 사용' 체크 시 활성화."
,웹,관리자,조직관리,조직관리,근무지/비콘 관리,상세 근무지 등록,비콘 배터리 및 운영,등록된 비콘 기기의 배터리 상태를 모니터링함. 기기 고장/추가 구매 시 CS를 통해 진행하며 배터리는 담당자가 직접 교체,"[상태]: 충분, 주의, 위험 배지 노출",비콘 상세 정보는 '비콘 관리' 팝업에서 수정 가능.,"배터리 구분: 충분(20~100%), 주의(11~19%), 위험(10%이하).",,,,,,,,,,,,,,,,등록된 비콘 기기의 배터리 상태를 모니터링함. 기기 고장/추가 구매 시 CS를 통해 진행하며 배터리는 담당자가 직접 교체
,웹,관리자,조직관리,조직관리,근무지/비콘 관리,상태 갱신 설정,모바일 갱신 모드,"근무지 상세 관리 설정에 따라 모바일 앱의 동작 방식을 결정함.


1. 설정 시: 앱에 일정 영역 노출 및 사용자가 수동 갱신.
2. 미설정 시: 일정 영역 숨김 및 시스템 자동 갱신.",,-,-,,,,,,,,,,,,,,,,"근무지 상세 관리 설정에 따라 모바일 앱의 동작 방식을 결정함.


1. 설정 시: 앱에 일정 영역 노출 및 사용자가 수동 갱신.
2. 미설정 시: 일정 영역 숨김 및 시스템 자동 갱신."
,웹,관리자,조직관리,조직관리,근무지/비콘 관리,지도 연동,위치 시각화,카카오 맵 API를 연동하여 선택된 근무지의 위치를 지도에 핀(Pin)으로 표시함. 지도 위에서 직접 위치를 클릭하여 좌표(위경도)를 자동 추출할 수 있음.,,-,-,,,,,,,,,,,,,,,,카카오 맵 API를 연동하여 선택된 근무지의 위치를 지도에 핀(Pin)으로 표시함. 지도 위에서 직접 위치를 클릭하여 좌표(위경도)를 자동 추출할 수 있음.
ADM-LEV-1,웹,관리자,연차/휴가 관리,연차/휴가 관리,연차 기준 관리,연차 생성 기준,부여 기준 설정,"연차 생성의 근거(수기등록, 입사일, 회계연도)를 선택하고, 회계연도 선택 시 기준일을 설정",[수기/입사일/회계연도] 라디오 버튼,[경고]: 최초 1회 설정 후 수정 불가함,-,,,,,,,,,,,,,,,,"연차 생성의 근거(수기등록, 입사일, 회계연도)를 선택하고, 회계연도 선택 시 기준일을 설정"
ADM-LEV-2,웹,관리자,연차/휴가 관리,연차/휴가 관리,연차 기준 관리,연차 생성 기준,입사일 기준 설정,각 구성원의 실제 입사 일자를 기준으로 매년 연차를 생성함. 개인별로 연차 생성 및 소멸 시점이 다르게 관리됨.,활성화 시 다른 기준 선택 불가,[중요] 최초 1회 설정 후 수정 불가,연차 생성일 = 각 구성원의 입사일자 (매년 반복).,,,,,,,,,,,,,,,,각 구성원의 실제 입사 일자를 기준으로 매년 연차를 생성함. 개인별로 연차 생성 및 소멸 시점이 다르게 관리됨.
ADM-LEV-3,웹,관리자,연차/휴가 관리,연차/휴가 관리,연차 기준 관리,연차 생성 기준,회계연도 기준 설정,회사가 정한 특정 기준일(예: 01-01)에 전 사원의 연차를 일괄 생성함. 입사 1년 미만자의 경우 기준일까지의 근무 기간에 비례하여 연차를 안분 계산하여 부여함,활성화 시 기준일 입력 필드 노출,[중요] 최초 1회 설정 후 수정 불가,기준일 설정: MM-DD 형식으로 입력된 날짜를 시스템 전체 연차 갱신일로 지정,,,,,,,,,,,,,,,,회사가 정한 특정 기준일(예: 01-01)에 전 사원의 연차를 일괄 생성함. 입사 1년 미만자의 경우 기준일까지의 근무 기간에 비례하여 연차를 안분 계산하여 부여함
ADM-LEV-4,웹,관리자,연차/휴가 관리,연차/휴가 관리,연차 기준 관리,1년 미만 근로자,1달 만근 시 부여,입사 1년 미만 근로자가 1개월간 개근 시 1일의 연차를 자동으로 발생시킴. 근로기준법에 의거하여 최대 11일까지 발생 가능함,선택 시 즉시 시스템 반영,-,발생 로직: 근무 개월 수 (최대 11개월) 기준 자동 생성,,,,,,,,,,,,,,,,입사 1년 미만 근로자가 1개월간 개근 시 1일의 연차를 자동으로 발생시킴. 근로기준법에 의거하여 최대 11일까지 발생 가능함
ADM-LEV-5,웹,관리자,연차/휴가 관리,연차/휴가 관리,연차 기준 관리,1년 미만 근로자,일괄 연차 부여,"1년 미만 근로자에게 월별 발생이 아닌, 특정 시점에 연차를 한꺼번에 선부여하는 방식임. 회계연도 기준과 병행하여 사용되는 경우가 많음",선택 시 즉시 시스템 반영.,-,-,,,,,,,,,,,,,,,,"1년 미만 근로자에게 월별 발생이 아닌, 특정 시점에 연차를 한꺼번에 선부여하는 방식임. 회계연도 기준과 병행하여 사용되는 경우가 많음"
ADM-LEV-6,웹,관리자,연차/휴가 관리,연차/휴가 관리,연차 기준 관리,근속별 연차 일수,연차 테이블,1년차(15일)부터 30년차(25일)까지 근속 연수에 따른 법정 연차 일수를 관리,,숫자만 입력 가능.,가산: 1년 초과 시 2년마다 1일 가산 (최대 25일).,,,,,,,,,,,,,,,,1년차(15일)부터 30년차(25일)까지 근속 연수에 따른 법정 연차 일수를 관리
,웹,관리자,연차/휴가 관리,연차/휴가 관리,연차 기준 관리,공통,소수점 이하 연차 처리,"[소수점 이하 연차처리 상세 설정]
 - 선택 옵션값 : 일단위 올림 처리/ 반차 단위 올림 처리/ 조정안함

소수점으로 계산될 경우, 소수점 셋째자리에서 버림처리를 진행, 소수점 이하의 휴가는 임의로 공제할 수 없으며 사용되지 않은 만큼 수당으로 지급해야 합니다. ",,,,,,,,,,,,,,,,,,,
,웹,관리자,연차/휴가 관리,연차/휴가 관리,연차 기준 관리,공통,연차 소멸/이월 기준,"[연차 소멸/이월 기준 상세 설정]
 - 선택 옵션값 : 자동 소멸/ 수당 지급/ 이월 허용
 - 자동 소멸 : 연도 말 미사용 연차는 소멸
 - 수당 지급 : 연차 소멸 시점에서 관리자에게 수당 지급 필요 내역 조회 가능과 알림 받을 수 있음. 수당 지급 내역을 확인하세요. 수당 지급으로 처리된 연차는 소멸일 기준 자동 소멸처리됩니다.
 - 이월 허용 : 미사용 연차는 다음해로 이월되어 사용 가능합니다. 
 - 이월 상세 설정 : 이월일자로 부터 n일 설정 가능 ",,,,,,,,,,,,,,,,,,,
,웹,관리자,연차/휴가 관리,연차/휴가 관리,연차 기준 관리,정책 관리,연차 가산 정책,"회사에서 추가 부여한 가산연차를 시스템에서 관리합니다. 임직원 연차 잔여 및 사용 내역에 가산 연차가 포함되어 처리 됩니다. 

[연차 가산 정책 상세 설정]
발생 기준 
 - 선택 옵션값 : 회계 기준일 일괄 부여/입사일 기준 일괄 부여

출근 연동 여부 설정
 - 선택 옵션값 : 연동함/연동안함
 - 연동함 : 1년 80%이상 출근시 15일 부여
 - 연동안함 : 출근률 상관없이 부여",,,,,,,,,,,,,,,,,,,
,웹,관리자,연차/휴가 관리,연차/휴가 관리,연차 기준 관리,정책 관리,연차 당겨쓰기 정책,"[근로자별 상세 설정]
1년 미만 근로자(월차)
 - 선택 옵션값 : 제한없이 사용/ 다음달 발생예정인 월차 당겨쓰기
 - 제한없이 사용 : 잔여 연차가 부족하면, 사용 가능 연차를 제한없이 당겨서 사용 가능 
 - 다음달 발생 예정인 월차 당겨쓰기 : 다음달에 발생 예정인 1년 미만 월차만 미리 사용하도록 제한

1년 이상 근로자(연차)
 - 선택 옵션값 : 제한없이 사용/ 차기 연도에 발생할 연차 당겨쓰기 
 - 제한없이 사용 : 잔여 연차가 부족하면, 차기 연도 연차를 제한없이 당겨서 사용 가능
 - 차기 연도에 발생할 연차 당겨쓰기 : 차기 연도에 발생 예정인 연차 범위내에서만 당겨쓰기 가능
",,,,,,,,,,,,,,,,,,,
,웹,관리자,연차/휴가 관리,연차/휴가 관리,연차 기준 관리,정책 관리,연차 촉진 정책,"연차 사용 촉진 사용여부를 설정 가능 

[연차 촉진 정책 상세 설정]
촉진 시기 설정 
 - 1년 미만 근무자의 촉진은 2회로 나눠 진행되며, 임의로 선택할 수 없음. 
 - 1차 촉진 : 소멸 6개월 이전/ 촉진일자 선택(ex 소멸6개월 이전 +n일)
 - 2차 촉진 : 소멸 2개월 이전/ 촉진일자 선택(ex 소멸6개월 이전 +n일)

연차 차감 설정 
 - 선택 옵션값 : 계힉서 제출시 연차 즉시 차감/ 차감 안함 
 - 계획서 제출시 연차 즉시 차감 : 계획서 제출 시점에 실제 연차가 차감됩니다. 
 - 차감 안함 : 실제 연차가 차감되지 않으며, 문서로만 기록됩니다.

문서 생성 형태 
 - 선택 옵션값 : 통합 문서/ 개별 문서
 - 통합 문서 : 전체 휴가 일정을 하나의 문서로 생성합니다.
 - 개별 문서 : 휴가 건별로 개별 문서를 생성합니다. 
",,,,,,,,,,,,,,,,,,,
,웹,관리자,연차/휴가 관리,연차/휴가 관리,연차 기준 관리,연차 유형,리스트,"연차 기준으로 등록한 항목 리스트내 항목별 상세 설정 내용, 적용된 구성원 수 노출 
 - [상세] 버튼 선택시, 해당 항목의 상세 정보 모달에서 확인 가능",,,,,,,,,,,,,,,,,,,
,웹,관리자,연차/휴가 관리,연차/휴가 관리,연차 기준 관리,연차 유형,연차 유형 등록,"연차 유형명, 연차 생성기준(수기등록/입사일기준/회계연도기준), 1년 미만월차, 연차 최소 단위, 연차 적용 기준

[상세 설정]

연차 유형명 : 연차유형명 입력

연차 생성 기준 
 - 선택 옵션값 : 수기 등록/ 입사일 기준/ 회계연도 기준 
 - 수기 등록 : 회사 자체 연차 정책을 반영하고 싶은 경우 수기로 등록, 년차별 수기 입력한 내용이 기본값으로 적용 & 개개인별 수동 설정도 가능
 - 입사일 기준 : 연차 사용 기간/ 소멸 기준을 직원별 입사일로 관리하는 경우 선택
 - 회계연도 기준: 연차 정산/회계를 한번에 처리하기 위해 전 직원의 기준을 동일하게 관리하는 경우 선택 

1년 미만 월차 
 - 선택 옵션값 : 매월 개근시 1일 부여+조건없음/ 매월 개근시 1일 부여+근태 80% 이상시/ 입사일 기준 11일 일괄 부여
 - 매월 개근시 1일 부여+조건없음 : 조건없이 매월 개근시 다음달 1일날 부여
 - 매월 개근시 1일 부여+근태 80% 이상시 : 전달 근태가 80%이상인 경우, 다음달 1일날 부여
 - 입사일 기준 11일 일괄 부여 : 입사일 기준으로 전체 월차 일괄 부여 

연차 최소 단위
 - 선택 옵션값 : 1분/30분/1시간

연차 적용 기준
 - 선택 옵션값 : 소정 근로 기준/ 단위별 기준
 - 소정 근로 기준 : 근무 유형에 등록된 소정 근로 시간 기준으로 연차 사용 가능 
 - 단위별 기준 : 단위별 최대 사용가능한 시간 설정 가능, 설정된 시간만큼 사용자가 연차 사용 가능
  : 선택 옵션값 - 종일/반차/반반차/시간
  : 종일(1시간/2시간/3시간/4시간/5시간/6시간/7시간/8시간)
  : 반차(1시간/2시간/3시간/4시간/사용안함)
  : 반반차(1시간/2시간/사용안함)
  : 시간(1시간/사용안함)",,,,,,,,,,,,,,,,,,,
,웹,관리자,연차/휴가 관리,연차/휴가 관리,연차 현황,필터,기간 및 상세,"선택 기간별 연차 현황 조회 & 입사일, 재직상태, 키워드 검색",,,,,,,,,,,,,,,,,,,
,웹,관리자,연차/휴가 관리,연차/휴가 관리,연차 현황,필터,조직도,조직도내 부서별 개인별 선택 가능 ,,,,,,,,,,,,,,,,,,,
,웹,관리자,연차/휴가 관리,연차/휴가 관리,연차 현황,내역 ,기본 정보,"부서명, 구성원명, 직위/직책, 입사일, 재직연수, 연차 유형, 상태",,,,,,,,,,,,,,,,,,,
,웹,관리자,연차/휴가 관리,연차/휴가 관리,연차 현황,내역 ,연차 관련 정보,"총 발생연차(지급일수), 사용연차(사용일수), 잔여연차(잔여일수), 이월연차, 조정연차(조정일수), 소멸연차",,,,,,,,,,,,,,,,,,,
,웹,관리자,연차/휴가 관리,연차/휴가 관리,연차 현황,내역 ,관리 > 조정 버튼,일괄 & 개별로 연차 차감/증감 가능,,,,,,,,,,,,,,,,,,,
,웹,관리자,연차/휴가 관리,연차/휴가 관리,연차 현황,내역 ,관리 > 상세 버튼,"상세 버튼 선택시, 해당 구성원의 연차 발생, 연차 사용 내역 모달 노출

[모달내 정보]
- 기간별 총 발생연차, 사용연차, 잔여연차, 소멸연차
- 발생 내역 : 발생일, 분류, 상세, 변동일수, 소멸예정일, 누적사용건수, 사용기간, 비고, 처리
- 사용 내역 : 사용일, 분류, 연차유형, 상세, 사용단위, 사용일수, 사용시간, 결재상태, 비고","[결재 상태] : 확정/ 취소&반려 / 대기중, 
[상세] : 1년 미만 연차/ 비례 연차/ 대상 휴가/ 비대상 휴가/ 기본 연차/ 이월 연차, 
[분류] : 사용/ 만료,
[연차 유형] : 개인연차/ 휴가,
[비고]: {휴가명}휴가 / {년도}년 기본 연차 당겨쓰기 / {년도}년 비례 연차 당겨쓰기 / {년도} 월차 당겨쓰기",,,,,,,,,,,,,,,,,,
,웹,관리자,연차/휴가 관리,연차/휴가 관리,사용 내역,필터,기간 및 상세,"선택 간별 연차 사용 현황 조회 & 승인 상태, 휴가 형태, 신청자 형태 ",,,,,,,,,,,,,,,,,,,
,웹,관리자,연차/휴가 관리,연차/휴가 관리,사용 내역,필터,조직도,조직도내 부서별 개인별 선택 가능 ,,,,,,,,,,,,,,,,,,,
,웹,관리자,연차/휴가 관리,연차/휴가 관리,사용 내역,내역,기본 정보,"부서명, 구성원명, 직위/직책, 사용일, 연차 유형",,,,,,,,,,,,,,,,,,,
,웹,관리자,연차/휴가 관리,연차/휴가 관리,사용 내역,내역,연차 관련 정보,"상세, 사용단위, 사용 일수, 사용 시간, 결재 상태, 비고 

[항목별 상세 설명]
사용 단위 : 종일/ 반차/ 반반차/ 시간별로 근로자가 사용한 휴가 단위
사용 일수 : 근로자가 사용한 휴가 단위를 사용 일수로 환산 (ex. 1/0.5/0.25/0.125)
사용 시간 : 근로자가 사용한 휴가 단위를 사용 시간으로 환산 (ex. n시간 n분)","[결재 상태] : 확정/ 취소&반려 / 대기중, 
[상세] : 1년 미만 연차/ 비례 연차/ 대상 휴가/ 비대상 휴가/ 기본 연차/ 이월 연차, 
[분류] : 사용/ 만료,
[연차 유형] : 개인연차/ 휴가,
[비고]: {휴가명}휴가 / {년도}년 기본 연차 당겨쓰기 / {년도}년 비례 연차 당겨쓰기 / {년도} 월차 당겨쓰기",,,,,,,,,,,,,,,,,,
,,,,,,,,,,,,,,,,,,,,,,,,,,,
,,,,,,,,,,,,,,,,,,,,,,,,,,,
,,,,,,,,,,,,,,,,,,,,,,,,,,,
,,,,,,,,,,,,,,,,,,,,,,,,,,,
,,,,,,,,,,,,,,,,,,,,,,,,,,,
,,,,,,,,,,,,,,,,,,,,,,,,,,,
ADM-LEV-7,웹,관리자,연차/휴가 관리,연차/휴가 관리,연차 현황,필터 및 액션,검색,"조직도내 구성원 선택 및 입사일, 재직상태별 검색",,,,"연간, 입사일, 재직상태, 조직도",,,,,,,,,,,,,,,"조직도내 구성원 선택 및 입사일, 재직상태별 검색"
ADM-LEV-8,웹,관리자,연차/휴가 관리,연차/휴가 관리,연차 현황,연차 목록,구성원 연차 리스트,선택 구성원의 연차 보여 현황 및 사용 이력 조회,,,,"부서/직원, 입사일, 재직 상태, 연차 현황, 연차외 휴가(사용/발생)",,,,,,,,,,,,,,,선택 구성원의 연차 보여 현황 및 사용 이력 조회
ADM-LEV-9,웹,관리자,연차/휴가 관리,연차/휴가 관리,사용 내역,필터 및 액션,검색,"조직도내 구성원 선택 및 연간, 승인 상태, 휴가 형태, 신청자 형태별 검색",,,,"부서/직원, 휴가 형태, 휴가일수, 신청일, 사용일, 신청자, 승인 상태, 상세보기(신청자, 연차휴가명, 사유, 사용일시, 결재일,승인현황,반려사유)",,,,,,,,,,,,,,,"조직도내 구성원 선택 및 연간, 승인 상태, 휴가 형태, 신청자 형태별 검색"
ADM-LEV-10,웹,관리자,연차/휴가 관리,연차/휴가 관리,사용 내역,사용 목록,구성원 사용 리스트,년도별 연차 사용 내역 조회,,,,,,,,,,,,,,,,,,,년도별 연차 사용 내역 조회
ADM-ATT-1,웹,관리자,연차/휴가 관리,연차/휴가 관리,휴가 형태 관리,목록 조회,휴가 정책 리스트,"시스템에 등록된 모든 휴가 형태(공유일휴가, 당겨쓴연차 등)를 리스트로 조회함. 번호, 휴가형태명, 사전등록대상 여부, 휴가일수, 등록일 등을 확인함",,-,-,,,,,,,,,,,,,,,,"시스템에 등록된 모든 휴가 형태(공유일휴가, 당겨쓴연차 등)를 리스트로 조회함. 번호, 휴가형태명, 사전등록대상 여부, 휴가일수, 등록일 등을 확인함"
ADM-ATT-2,웹,관리자,연차/휴가 관리,연차/휴가 관리,휴가 형태 관리,필터 및 액션,검색 및 신규 등록,"휴가형태명을 키워드로 특정 정책을 검색하거나, '신규 등록' 버튼을 통해 새로운 휴가 종류를 생성함.",,-,검색어 부분 일치 필터링.,,,,,,,,,,,,,,,,"휴가형태명을 키워드로 특정 정책을 검색하거나, '신규 등록' 버튼을 통해 새로운 휴가 종류를 생성함."
ADM-ATT-3,웹,관리자,연차/휴가 관리,연차/휴가 관리,휴가 형태 관리,정보 등록/수정,기본 정책 설정,"휴가형태명을 입력하고 사전등록대상 여부(대상/비대상), 사용 여부(사용/미사용), 휴가명 숨김 여부를 설정함.

1. 사전 등록 대상: [관리자>연차/휴가 관리>휴가 대상자 관리]에서 선택 가능
2. 사전 등록 비대상: 구성원이 [사용자>전자결재 > 휴가 신청서]에서 휴가 형태로 선택 가능","[사용 여부]: 사용, 미사용.",휴가형태명 필수 입력.,-,"휴가 형태명, 휴가일수, 사전 등록 대상 여부, 사용여부, 휴가명 숨김 여부 선택, 도움말",,,,,,,,,,,,,,,"휴가형태명을 입력하고 사전등록대상 여부(대상/비대상), 사용 여부(사용/미사용), 휴가명 숨김 여부를 설정함.

1. 사전 등록 대상: [관리자>연차/휴가 관리>휴가 대상자 관리]에서 선택 가능
2. 사전 등록 비대..."
ADM-ATT-4,웹,관리자,연차/휴가 관리,연차/휴가 관리,휴가 형태 관리,정보 등록/수정,휴가 일수 및 도움말,드롭다운 선택 또는 '직접입력'을 통해 휴가 일수를 부여함. 사용자 신청 시 노출될 도움말(가이드 문구)을 작성함.,,-,일괄 변경: 일수 수정 시 이미 해당 휴가가 부여된 대상자의 일수도 자동 갱신됨.,,,,,,,,,,,,,,,,드롭다운 선택 또는 '직접입력'을 통해 휴가 일수를 부여함. 사용자 신청 시 노출될 도움말(가이드 문구)을 작성함.
ADM-ATT-5,웹,관리자,연차/휴가 관리,연차/휴가 관리,휴가 대상자 관리,목록 조회,대상자 현황 리스트,"조직도 트리에서 선택된 부서/직원별로 부여된 휴가 형태, 사용 기한, 사용 현황(사용/발생)을 조회함. 연도 및 사용 여부 필터를 통해 검색 결과를 세분화함.","[미사용]: 기록 없음(회색 배지)
[기한 초과]: 종료일 경과(분홍색 배지)",-,사용률: (사용일수 / 발생일수) 실시간 계산,,,,,,,,,,,,,,,,"조직도 트리에서 선택된 부서/직원별로 부여된 휴가 형태, 사용 기한, 사용 현황(사용/발생)을 조회함. 연도 및 사용 여부 필터를 통해 검색 결과를 세분화함."
ADM-ATT-6,웹,관리자,연차/휴가 관리,연차/휴가 관리,휴가 대상자 관리,대상자 등록,휴가 사전 등록 모달,조직도에서 선택된 대상자들에게 특정 '휴가 형태'를 선택하여 일괄 또는 개별 부여함. 선택된 휴가 형태에 설정된 기본 휴가 일수가 자동으로 표시,,휴가 형태 선택 및 사용 기한 입력 필수,-,,,,,,,,,,,,,,,,조직도에서 선택된 대상자들에게 특정 '휴가 형태'를 선택하여 일괄 또는 개별 부여함. 선택된 휴가 형태에 설정된 기본 휴가 일수가 자동으로 표시
ADM-ATT-7,웹,관리자,연차/휴가 관리,연차/휴가 관리,휴가 대상자 관리,대상자 등록,휴가 형태 옵션 노출,"휴가 사전 등록/수정' 모달 내 '휴가형태' 셀렉트 박스 클릭 시, [휴가 형태 관리] 메뉴에서 등록한 항목들이 옵션 리스트로 노출",,,,,,,,,,,,,,,,,,,"휴가 사전 등록/수정' 모달 내 '휴가형태' 셀렉트 박스 클릭 시, [휴가 형태 관리] 메뉴에서 등록한 항목들이 옵션 리스트로 노출"
ADM-ATT-8,웹,관리자,연차/휴가 관리,연차/휴가 관리,휴가 대상자 관리,대상자 등록,정책 데이터 자동 바인딩,"특정 휴가 형태를 선택하면, 해당 정책에 사전 정의된 '휴가일수' 정보가 모달 내 우측에 핑크색 텍스트로 즉시 노출",,,,,,,,,,,,,,,,,,,"특정 휴가 형태를 선택하면, 해당 정책에 사전 정의된 '휴가일수' 정보가 모달 내 우측에 핑크색 텍스트로 즉시 노출"
ADM-ATT-9,웹,관리자,연차/휴가 관리,연차/휴가 관리,휴가 대상자 관리,대상자 등록,사용 기한 설정,부여할 휴가의 시작일과 종료일을 캘린더 피커로 설정함. 설정된 기간 내에만 사용자의 연차 신청 화면에 해당 휴가 항목이 노출됨.,,시작일이 종료일보다 늦을 수 없음,D-Day: 현재 시각과 사용 종료일 비교를 통한 상태값 전환,,,,,,,,,,,,,,,,부여할 휴가의 시작일과 종료일을 캘린더 피커로 설정함. 설정된 기간 내에만 사용자의 연차 신청 화면에 해당 휴가 항목이 노출됨.
ADM-ATT-10,웹,관리자,연차/휴가 관리,연차/휴가 관리,휴가 대상자 관리,관리 액션,정보 수정 및 삭제,"이미 부여된 휴가의 사용 기한을 변경하거나, 잘못 부여된 경우 내역을 삭제함. 수정 시 대상자들의 잔여 휴가 일수에 즉시 반영",,이미 일부 사용한 휴가의 경우 삭제 시 경고 문구 노출.,-,,,,,,,,,,,,,,,,"이미 부여된 휴가의 사용 기한을 변경하거나, 잘못 부여된 경우 내역을 삭제함. 수정 시 대상자들의 잔여 휴가 일수에 즉시 반영"
ADM-ATT-11,웹,관리자,연차사용촉진,연차사용촉진,연차사용촉진 설정,사용여부,사용/미사용 선택,연차 사용 촉진 사용/미사용 설정 가능,,,,,,,,,,,,,,,,,,,
ADM-ATT-12,웹,관리자,연차사용촉진,연차사용촉진,연차사용촉진 설정,1년 이상 근무자,촉진 시기별 상세 설정,"1차 촉진 시기 : 소멸 6개월 이전 OR 촉진일자 선택
2차 촉진 시기 : 소멸 2개월 이전",,,,,,,,,,,,,,,,,,,
ADM-ATT-13,웹,관리자,연차사용촉진,연차사용촉진,연차사용촉진 설정,1년 미만 근무자,촉진 시기별 상세 설정 ,"1차 촉진 시기 : 입사 만 1년 차 3개월 이전(9개) + 입사 만 1년 차 1개월 이전(2개)
2차 촉진 시기 : 입사 만 1년 차 1개월 이전(9개) + 입사 만 1년 차 10일 이전(2개)",,,,,,,,,,,,,,,,,,,
ADM-ATT-14,웹,관리자,연차사용촉진,연차사용촉진,연차사용촉진 결재 설정,결재자 지정,대상자 추가/삭제/조회,조직도내 결재자로 설정된 사람만 연차촉진 결재 가능 ,,,,,,,,,,,,,,,,,,,
ADM-ATT-15,웹,관리자,연차사용촉진,연차사용촉진,연차사용촉진 결재 설정,열람자 지정,대상자 추가/삭제/조회,조직도내 열람자로 설정된 사람에게만 연차촉진 신청서 열람 가능 ,,,,,,,,,,,,,,,,,,,
ADM-ATT-16,웹,관리자,연차사용촉진,연차사용촉진,연차사용촉진 현황,필터,년도별 선택,년도별 연차사용 촉진 현황 조회 가능 ,,,,,,,,,,,,,,,,,,,
ADM-ATT-17,웹,관리자,연차사용촉진,연차사용촉진,연차사용촉진 현황,내역,연차촉진 대상자별 상세 내역,"전체 구성원별 연차사용촉진 현황 관리 가능 
● 부서/직원명/ 입사일의 구성원 기본 정보 노출
● 촉진 단계별 잔여연차(일) 개수 확인 가능
● 진행 현황에서 사용계획서 발송 예정 상태 확인 가능 (ex.사용계획서 발송 예정)","[촉진 시기 만료] : 촉진 시기가 지난 경우
[촉진 미대상] : 연차 촉진 대상자가 아닌 경우
[1차 연차촉진(n개)] : 1차 연차 촉진 상태와 1차 연차 촉진이 필요한 연차 개수 노출
[촉진 대상 잔여 연차 없음] : 촉진 할 연차가 없는 경우
[사용계획서 발송 예정 0000-00-00] : 사용계획서 발송 일자 노출",,,"부서/직원, 입사일, 잔여연차(일), 촉진단계, 진행 현황, 촉진 상세내역 ",,,,,,,,,,,,,,,
ADM-ATT-18,웹,관리자,연차사용촉진,연차사용촉진,연차사용촉진 양식설정,양식내역,1차 촉진 사용계획서,기본 양식으로 제공 & 텍스트 수정 가능 ,,,1차 촉진 사용 필요한 시기에 사용자에게 노출,,,,,,,,,,,,,,,,
ADM-ATT-19,웹,관리자,연차사용촉진,연차사용촉진,연차사용촉진 양식설정,양식내역,1차 촉진 노무수령거부 통지서,기본 양식으로 제공 & 텍스트 수정 가능 ,,,연차 촉진을 사용한 일자에 출퇴근 등록시 노무수령거부 통지서 모바일/사용자웹 노출 ,,,,,,,,,,,,,,,,
ADM-ATT-20,웹,관리자,연차사용촉진,연차사용촉진,연차사용촉진 양식설정,양식내역,2차 촉진 지정통지서,기본 양식으로 제공 & 텍스트 수정 가능 ,,,2차 촉진 사용 필요한 시기에 사용자에게 노출,,,,,,,,,,,,,,,,
ADM-ATT-21,웹,관리자,연차사용촉진,연차사용촉진,연차사용촉진 양식설정,양식내역,2차 촉진 노무수령거부 통지서,기본 양식으로 제공 & 텍스트 수정 가능 ,,,연차 촉진을 사용한 일자에 출퇴근 등록시 노무수령거부 통지서 모바일/사용자웹 노출 ,,,,,,,,,,,,,,,,